two_quantity_operator,operator,quantity_taxonomic,operator_quantity_id,operator_quantity_label,quantity1_taxonomic,quantity2_taxonomic,synonym,wikipedia_page,L,M,O,T,I,N,lumens,radian,number,currency,notes
,one-year_time_max,leaf-area_index,one-year_time_max_of_leaf-area_index,one-year_time_max_of_leaf-area_index,,,,,,,,,,,,,,,
,anomaly,geopotential_height,anomaly_of_geopotential_height,anomaly_of_geopotential_height,,,,,,,,,,,,,,,
,anomaly,mass-per-volume_density,anomaly_of_mass-per-volume_density,anomaly_of_mass-per-volume_density,,,,,,,,,,,,,,,
,anomaly,pressure,anomaly_of_pressure,anomaly_of_pressure,,,,,,,,,,,,,,,
,anomaly,temperature,anomaly_of_temperature,anomaly_of_temperature,,,,,,,,,,,,,,,
,antigradient,elevation,antigradient_of_elevation,antigradient_of_elevation,,,,,,,,,,,,,,,
,average,temperature,average_of_temperature,average_of_temperature,,,,,,,,,,,,,,,
,average,mass_leaching_rate,average_of_mass_leaching_rate,average_of_mass_leaching_rate,,,,,,,,,,,,,,,
,average,gross_mass_immobilization_rate,average_of_gross_mass_immobilization_rate,average_of_gross_mass_immobilization_rate,,,,,,,,,,,,,,,
,average,gross_mass_mineralization_rate,average_of_gross_mass_mineralization_rate,average_of_gross_mass_mineralization_rate,,,,,,,,,,,,,,,
,average,net_mass_mineralization_rate,average_of_net_mass_mineralization_rate,average_of_net_mass_mineralization_rate,,,,,,,,,,,,,,,
,average,mass_emission_rate,average_of_mass_emission_rate,average_of_mass_emission_rate,,,,,,,,,,,,,,,
,average,denitrification_mass_emission_rate,average_of_denitrification_mass_emission_rate,average_of_denitrification_mass_emission_rate,,,,,,,,,,,,,,,
,average,nitrification_mass_emission_rate,average_of_nitrification_mass_emission_rate,average_of_nitrification_mass_emission_rate,,,,,,,,,,,,,,,
,average,mass_volatilization_rate,average_of_mass_volatilization_rate,average_of_mass_volatilization_rate,,,,,,,,,,,,,,,
,average,mass_denitrification_rate,average_of_mass_denitrification_rate,average_of_mass_denitrification_rate,,,,,,,,,,,,,,,
,average,mass_nitrification_rate,average_of_mass_nitrification_rate,average_of_mass_nitrification_rate,,,,,,,,,,,,,,,
,azimuth_angle,bolus_velocity,azimuth_angle_of_bolus_velocity,azimuth_angle_of_bolus_velocity,,,,,,,,,,,,,,,
,azimuth_angle,darcy_velocity,azimuth_angle_of_darcy_velocity,azimuth_angle_of_darcy_velocity,,,,,,,,,,,,,,,
,azimuth_angle_of_gradient,absolute_salinity,azimuth_angle_of_gradient_of_absolute_salinity,azimuth_angle_of_gradient_of_absolute_salinity,,,,,,,,,,,,,,,
,azimuth_angle_of_gradient,potential_vorticity,azimuth_angle_of_gradient_of_potential_vorticity,azimuth_angle_of_gradient_of_potential_vorticity,,,,,,,,,,,,,,,
,azimuth_angle_of_gradient,pressure,azimuth_angle_of_gradient_of_pressure,azimuth_angle_of_gradient_of_pressure,,,,,,,,,,,,,,,
,azimuth_angle_of_gradient,static_pressure,azimuth_angle_of_gradient_of_static_pressure,azimuth_angle_of_gradient_of_static_pressure,,,,,,,,,,,,,,,
,azimuth_angle_of_gradient,temperature,azimuth_angle_of_gradient_of_temperature,azimuth_angle_of_gradient_of_temperature,,,,,,,,,,,,,,,
,azimuth_angle,group_velocity,azimuth_angle_of_group_velocity,azimuth_angle_of_group_velocity,,,,,,,,,,,,,,,
,azimuth_angle,impact_velocity,azimuth_angle_of_impact_velocity,azimuth_angle_of_impact_velocity,,,,,,,,,,,,,,,
,azimuth_angle,impact_velocity,azimuth_angle_of_impact_velocity,azimuth_angle_of_impact_velocity,,,,,,,,,,,,,,,
,azimuth_angle,initial_velocity,azimuth_angle_of_initial_velocity,azimuth_angle_of_initial_velocity,,,,,,,,,,,,,,,
,azimuth_angle_of_left_normal,phase_velocity,azimuth_angle_of_left_normal_of_phase_velocity,azimuth_angle_of_left_normal_of_phase_velocity,,,,,,,,,,,,,,,
,azimuth_angle,linear_momentum,azimuth_angle_of_linear_momentum,azimuth_angle_of_momentum,,,,,,,,,,,,,,,
,azimuth_angle,linear_velocity,azimuth_angle_of_linear_velocity,azimuth_angle_of_velocity,,,,,,,,,,,,,,,
,azimuth_angle,normal-vector,azimuth_angle_of_normal-vector,azimuth_angle_of_normal-vector,,,,,,,,,,,,,,,
,azimuth_angle,phase_velocity,azimuth_angle_of_phase_velocity,azimuth_angle_of_phase_velocity,,,,,,,,,,,,,,,
,azimuth_angle,stokes_drift_velocity,azimuth_angle_of_stokes_drift_velocity,azimuth_angle_of_stokes_drift_velocity,,,,,,,,,,,,,,,
,azimuth_angle,tangent-vector,azimuth_angle_of_tangent-vector,azimuth_angle_of_tangent-vector,,,,,,,,,,,,,,,
,azimuth_angle,vorticity,azimuth_angle_of_vorticity,azimuth_angle_of_vorticity,,,,,,,,,,,,,,,
,azimuth_angle_of_z_integral,linear_velocity,azimuth_angle_of_z_integral_of_linear_velocity,azimuth_angle_of_z_integral_of_velocity,,,,,,,,,,,,,,,
,change,mass,change_of_mass,change_of_mass,,,,,,,,,,,,,,,
,change_from_one-year_min,mass,change_from_one-year_min_of_mass,change_from_one-year_min_of_mass,,,,,,,,,,,,,,,
,change_from_one-year_min,thickness,change_from_one-year_min_of_thickness,change_from_one-year_min_of_thickness,,,,,,,,,,,,,,,
,change_from_one-year_min,volume,change_from_one-year_min_of_volume,change_from_one-year_min_of_volume,,,,,,,,,,,,,,,
,cross-stream_component,linear_velocity,cross-stream_component_of_linear_velocity,cross-stream_component_of_velocity,,,,,,,,,,,,,,,
,cross-stream_derivative,elevation,cross-stream_derivative_of_elevation,cross-stream_derivative_of_elevation,,,,,,,,,,,,,,,
,curl,linear_velocity,curl_of_linear_velocity,curl_of_velocity,,,,,,,,,,,,,,,
,one-day_min,temperature,one-day_min_of_temperature,one-day_min_of_temperature,,,,,,,,,,,,,,,
,one-day_max,temperature,one-day_max_of_temperature,one-day_max_of_temperature,,,,,,,,,,,,,,,
,one-day_time_integral,precipitation_leq_volume_flux,one-day_time_integral_of_precipitation_leq_volume_flux,one-day_time_integral_of_precipitation_leq_volume_flux,,,,,,,,,,,,,,,
,depression,melting-point_temperature,depression_of_melting-point_temperature,depression_of_melting-point_temperature,,,,,,,,,,,,,,,
difference,,,difference_of_elevation,difference_of_elevation,elevation,elevation,,,,,,,,,,,,,
,difference,temperature,difference_of_temperature,difference_of_temperature,,,,,,,,,,,,,,,
,diurnal_max,temperature,diurnal_max_of_temperature,diurnal_max_of_temperature,,,,,,,,,,,,,,,
,diurnal_min,temperature,diurnal_min_of_temperature,diurnal_min_of_temperature,,,,,,,,,,,,,,,
,diurnal_range,temperature,diurnal_range_of_temperature,diurnal_range_of_temperature,,,,,,,,,,,,,,,
,domain_max,elevation,domain_max_of_elevation,domain_max_of_elevation,,,,,,,,,,,,,,,
,domain_max_of_increment,elevation,domain_max_of_increment_of_elevation,domain_max_of_increment_of_elevation,,,,,,,,,,,,,,,
,domain_max,log-law_roughness_length,domain_max_of_log-law_roughness_length,domain_max_of_log-law_roughness_length,,,,,,,,,,,,,,,
,domain_max,manning-formula_n_parameter,domain_max_of_manning-formula_n_parameter,domain_max_of_manning-formula_n_parameter,,,,,,,,,,,,,,,
,domain_max,mean_depth,domain_max_of_mean_depth,domain_max_of_mean_depth,,,,,,,,,,,,,,,
,domain_max,power-law-fluid_viscosity,domain_max_of_power-law-fluid_viscosity,domain_max_of_power-law-fluid_viscosity,,,,,,,,,,,,,,,
,domain_max,volume_flow_rate,domain_max_of_volume_flow_rate,domain_max_of_volume_flow_rate,,,,,,,,,,,,,,,
,domain_max,volume_flux,domain_max_of_volume_flux,domain_max_of_volume_flux,,,,,,,,,,,,,,,
,domain_min,elevation,domain_min_of_elevation,domain_min_of_elevation,,,,,,,,,,,,,,,
,domain_min_of_increment,elevation,domain_min_of_increment_of_elevation,domain_min_of_increment_of_elevation,,,,,,,,,,,,,,,
,domain_min,log-law_roughness_length,domain_min_of_log-law_roughness_length,domain_min_of_log-law_roughness_length,,,,,,,,,,,,,,,
,domain_min,manning-formula_n_parameter,domain_min_of_manning-formula_n_parameter,domain_min_of_manning-formula_n_parameter,,,,,,,,,,,,,,,
,domain_min,mean_depth,domain_min_of_mean_depth,domain_min_of_mean_depth,,,,,,,,,,,,,,,
,domain_min,power-law-fluid_viscosity,domain_min_of_power-law-fluid_viscosity,domain_min_of_power-law-fluid_viscosity,,,,,,,,,,,,,,,
,domain_min,volume_flow_rate,domain_min_of_volume_flow_rate,domain_min_of_volume_flow_rate,,,,,,,,,,,,,,,
,domain_min,volume_flux,domain_min_of_volume_flux,domain_min_of_volume_flux,,,,,,,,,,,,,,,
,domain_range,elevation,domain_range_of_elevation,domain_range_of_elevation,,,,,,,,,,,,,,,
,domain_time_integral,baseflow_volume_flux,domain_time_integral_of_baseflow_volume_flux,domain_time_integral_of_baseflow_volume_flux,,,,,,,,,,,,,,,
,domain_time_integral,desublimation_volume_flux,domain_time_integral_of_desublimation_volume_flux,domain_time_integral_of_desublimation_volume_flux,,,,,,,,,,,,,,,
,domain_time_integral,evaporation_volume_flux,domain_time_integral_of_evaporation_volume_flux,domain_time_integral_of_evaporation_volume_flux,,,,,,,,,,,,,,,
,domain_time_integral,infiltration_volume_flux,domain_time_integral_of_infiltration_volume_flux,domain_time_integral_of_infiltration_volume_flux,,,,,,,,,,,,,,,
,domain_time_integral,melt_volume_flux,domain_time_integral_of_melt_volume_flux,domain_time_integral_of_melt_volume_flux,,,,,,,,,,,,,,,
,domain_time_integral,precipitation_leq_volume_flux,domain_time_integral_of_precipitation_leq_volume_flux,domain_time_integral_of_precipitation_leq_volume_flux,,,,,,,,,,,,,,,
,domain_time_integral,precipitation_volume_flux,domain_time_integral_of_precipitation_volume_flux,domain_time_integral_of_precipitation_volume_flux,,,,,,,,,,,,,,,
,domain_time_integral,recharge_volume_flux,domain_time_integral_of_recharge_volume_flux,domain_time_integral_of_recharge_volume_flux,,,,,,,,,,,,,,,
,domain_time_integral,runoff_volume_flux,domain_time_integral_of_runoff_volume_flux,domain_time_integral_of_runoff_volume_flux,,,,,,,,,,,,,,,
,domain_time_integral,sublimation_volume_flux,domain_time_integral_of_sublimation_volume_flux,domain_time_integral_of_sublimation_volume_flux,,,,,,,,,,,,,,,
,domain_time_integral,volume_flux,domain_time_integral_of_volume_flux,domain_time_integral_of_volume_flux,,,,,,,,,,,,,,,
,domain_time_max,elevation,domain_time_max_of_elevation,domain_time_max_of_elevation,,,,,,,,,,,,,,,
,domain_time_max,precipitation_leq_volume_flux,domain_time_max_of_precipitation_leq_volume_flux,domain_time_max_of_precipitation_leq_volume_flux,,,,,,,,,,,,,,,
,domain_time_min,elevation,domain_time_min_of_elevation,domain_time_min_of_elevation,,,,,,,,,,,,,,,
,down_component,electric-d-field,down_component_of_electric-d-field,down_component_of_electric-d-field,,,,,,,,,,,,,,,
,down_component,electric-e-field,down_component_of_electric-e-field,down_component_of_electric-e-field,,,,,,,,,,,,,,,
,down_component,electric-p-field,down_component_of_electric-p-field,down_component_of_electric-p-field,,,,,,,,,,,,,,,
,down_component,linear_velocity,down_component_of_linear_velocity,down_component_of_velocity,,,,,,,,,,,,,,,
,down_component,magnetic-b-field,down_component_of_magnetic-b-field,down_component_of_magnetic-b-field,,,,,,,,,,,,,,,
,down_component,magnetic-h-field,down_component_of_magnetic-h-field,down_component_of_magnetic-h-field,,,,,,,,,,,,,,,
,down_component,magnetic-m-field,down_component_of_magnetic-m-field,down_component_of_magnetic-m-field,,,,,,,,,,,,,,,
,down_component,vorticity,down_component_of_vorticity,down_component_of_vorticity,,,,,,,,,,,,,,,
,down_derivative,static_pressure,down_derivative_of_static_pressure,down_derivative_of_static_pressure,,,,,,,,,,,,,,,
,down_derivative,temperature,down_derivative_of_temperature,down_derivative_of_temperature,,,,,,,,,,,,,,,
,down_east_component,reynolds_stress,down_east_component_of_reynolds_stress,down_east_component_of_reynolds_stress,,,,,,,,,,,,,,,
,down_east_component,stress,down_east_component_of_stress,down_east_component_of_stress,,,,,,,,,,,,,,,
,down_east_component,viscous_stress,down_east_component_of_viscous_stress,down_east_component_of_viscous_stress,,,,,,,,,,,,,,,
,down_north_component,stress,down_north_component_of_stress,down_north_component_of_stress,,,,,,,,,,,,,,,
,down_z_derivative,temperature,down_z_derivative_of_temperature,down_z_derivative_of_temperature,,,,,,,,,,,,,,,
,downstream_component,linear_velocity,downstream_component_of_linear_velocity,downstream_component_of_velocity,,,,,,,,,,,,,,,
,downstream_derivative,elevation,downstream_derivative_of_elevation,downstream_derivative_of_elevation,,,,,,,,,,,,,,,
,drop,dynamic_stress,drop_of_dynamic_stress,drop_of_dynamic_stress,,,,,,,,,,,,,,,
,drop,static_stress,drop_of_static_stress,drop_of_static_stress,,,,,,,,,,,,,,,
,east_component,bolus_velocity,east_component_of_bolus_velocity,east_component_of_bolus_velocity,,,,,,,,,,,,,,,
,east_component,electric-d-field,east_component_of_electric-d-field,east_component_of_electric-d-field,,,,,,,,,,,,,,,
,east_component,electric-e-field,east_component_of_electric-e-field,east_component_of_electric-e-field,,,,,,,,,,,,,,,
,east_component,electric-p-field,east_component_of_electric-p-field,east_component_of_electric-p-field,,,,,,,,,,,,,,,
,east_component,linear_momentum,east_component_of_linear_momentum,east_component_of_momentum,,,,,,,,,,,,,,,
,east_component,linear_velocity,east_component_of_linear_velocity,east_component_of_velocity,,,,,,,,,,,,,,,
,east_component,magnetic-b-field,east_component_of_magnetic-b-field,east_component_of_magnetic-b-field,,,,,,,,,,,,,,,
,east_component,magnetic-h-field,east_component_of_magnetic-h-field,east_component_of_magnetic-h-field,,,,,,,,,,,,,,,
,east_component,magnetic-m-field,east_component_of_magnetic-m-field,east_component_of_magnetic-m-field,,,,,,,,,,,,,,,
,east_component,seismic_slip,east_component_of_seismic_slip,east_component_of_seismic_slip,,,,,,,,,,,,,,,
,east_component,vorticity,east_component_of_vorticity,east_component_of_vorticity,,,,,,,,,,,,,,,
,east_component_of_z_integral,linear_velocity,east_component_of_z_integral_of_linear_velocity,east_component_of_z_integral_of_velocity,,,,,,,,,,,,,,,
,east_derivative,absolute_salinity,east_derivative_of_absolute_salinity,east_derivative_of_absolute_salinity,,,,,,,,,,,,,,,
,east_derivative,depth,east_derivative_of_depth,east_derivative_of_depth,,,,,,,,,,,,,,,
,east_derivative_of_east_component_of_z_integral,linear_velocity,east_derivative_of_east_component_of_z_integral_of_linear_velocity,east_derivative_of_east_component_of_z_integral_of_velocity,,,,,,,,,,,,,,,
,east_derivative_of_north_component_of_z_integral,linear_velocity,east_derivative_of_north_component_of_z_integral_of_linear_velocity,east_derivative_of_north_component_of_z_integral_of_velocity,,,,,,,,,,,,,,,
,east_derivative,potential_vorticity,east_derivative_of_potential_vorticity,east_derivative_of_potential_vorticity,,,,,,,,,,,,,,,
,east_derivative,pressure,east_derivative_of_pressure,east_derivative_of_pressure,,,,,,,,,,,,,,,
,east_derivative,pressure_head,east_derivative_of_pressure_head,east_derivative_of_pressure_head,,,,,,,,,,,,,,,
,east_derivative,static_pressure,east_derivative_of_static_pressure,east_derivative_of_static_pressure,,,,,,,,,,,,,,,
,east_derivative,temperature,east_derivative_of_temperature,east_derivative_of_temperature,,,,,,,,,,,,,,,
,east_down_component,stress,east_down_component_of_stress,east_down_component_of_stress,,,,,,,,,,,,,,,
,east_east_component,reynolds_stress,east_east_component_of_reynolds_stress,east_east_component_of_reynolds_stress,,,,,,,,,,,,,,,
,east_east_component,seismic_moment,east_east_component_of_seismic_moment,east_east_component_of_seismic_moment,,,,,,,,,,,,,,,
,east_east_component,stress,east_east_component_of_stress,east_east_component_of_stress,,,,,,,,,,,,,,,
,east_east_component,viscous_stress,east_east_component_of_viscous_stress,east_east_component_of_viscous_stress,,,,,,,,,,,,,,,
,east_north_component,reynolds_stress,east_north_component_of_reynolds_stress,east_north_component_of_reynolds_stress,,,,,,,,,,,,,,,
,east_north_component,stress,east_north_component_of_stress,east_north_component_of_stress,,,,,,,,,,,,,,,
,east_north_component,viscous_stress,east_north_component_of_viscous_stress,east_north_component_of_viscous_stress,,,,,,,,,,,,,,,
,east_up_component,reynolds_stress,east_up_component_of_reynolds_stress,east_up_component_of_reynolds_stress,,,,,,,,,,,,,,,
,east_up_component,seismic_moment,east_up_component_of_seismic_moment,east_up_component_of_seismic_moment,,,,,,,,,,,,,,,
,east_up_component,stress,east_up_component_of_stress,east_up_component_of_stress,,,,,,,,,,,,,,,
,east_up_component,viscous_stress,east_up_component_of_viscous_stress,east_up_component_of_viscous_stress,,,,,,,,,,,,,,,
,elevation_angle,bolus_velocity,elevation_angle_of_bolus_velocity,elevation_angle_of_bolus_velocity,,,,,,,,,,,,,,,
,elevation_angle,darcy_velocity,elevation_angle_of_darcy_velocity,elevation_angle_of_darcy_velocity,,,,,,,,,,,,,,,
,elevation_angle_of_gradient,absolute_salinity,elevation_angle_of_gradient_of_absolute_salinity,elevation_angle_of_gradient_of_absolute_salinity,,,,,,,,,,,,,,,
,elevation_angle_of_gradient,potential_vorticity,elevation_angle_of_gradient_of_potential_vorticity,elevation_angle_of_gradient_of_potential_vorticity,,,,,,,,,,,,,,,
,elevation_angle_of_gradient,pressure,elevation_angle_of_gradient_of_pressure,elevation_angle_of_gradient_of_pressure,,,,,,,,,,,,,,,
,elevation_angle_of_gradient,pressure,elevation_angle_of_gradient_of_pressure,elevation_angle_of_gradient_of_pressure,,,,,,,,,,,,,,,
,elevation_angle_of_gradient,static_pressure,elevation_angle_of_gradient_of_static_pressure,elevation_angle_of_gradient_of_static_pressure,,,,,,,,,,,,,,,
,elevation_angle_of_gradient,temperature,elevation_angle_of_gradient_of_temperature,elevation_angle_of_gradient_of_temperature,,,,,,,,,,,,,,,
,elevation_angle,impact_velocity,elevation_angle_of_impact_velocity,elevation_angle_of_impact_velocity,,,,,,,,,,,,,,,
,elevation_angle,impact_velocity,elevation_angle_of_impact_velocity,elevation_angle_of_impact_velocity,,,,,,,,,,,,,,,
,elevation_angle,initial_velocity,elevation_angle_of_initial_velocity,elevation_angle_of_initial_velocity,,,,,,,,,,,,,,,
,elevation_angle,linear_momentum,elevation_angle_of_linear_momentum,elevation_angle_of_momentum,,,,,,,,,,,,,,,
,elevation_angle,linear_velocity,elevation_angle_of_linear_velocity,elevation_angle_of_velocity,,,,,,,,,,,,,,,
,elevation_angle,stokes_drift_velocity,elevation_angle_of_stokes_drift_velocity,elevation_angle_of_stokes_drift_velocity,,,,,,,,,,,,,,,
,elevation_angle,vorticity,elevation_angle_of_vorticity,elevation_angle_of_vorticity,,,,,,,,,,,,,,,
,geologic_time_average,precipitation_volume_flux,geologic_time_average_of_precipitation_volume_flux,geologic_time_average_of_precipitation_volume_flux,,,,,,,,,,,,,,,
,globe_time_average,precipitation_volume_flux,globe_time_average_of_precipitation_volume_flux,globe_time_average_of_precipitation_volume_flux,,,,,,,,,,,,,,,
,gradient,pressure,gradient_of_pressure,gradient_of_pressure,,,,,,,,,,,,,,,
,half,fanning_friction_factor,half_of_fanning_friction_factor,half_of_fanning_friction_factor,,,,,,,,,,,,,,,
,one-hour_time_integral,energy_flux,one-hour_time_integral_of_energy_flux,one-hour_time_integral_of_energy_flux,,,,,,,,,,,,,,,
,one-hour_time_integral,precipitation_leq_volume_flux,one-hour_time_integral_of_precipitation_leq_volume_flux,one-hour_time_integral_of_precipitation_leq_volume_flux,,,,,,,,,,,,,,,
,increment,elevation,increment_of_elevation,increment_of_elevation,,,,,,,,,,,,,,,
,increment,pressure,increment_of_pressure,increment_of_pressure,,,,,,,,,,,,,,,
,increment,temperature,increment_of_temperature,increment_of_temperature,,,,,,,,,,,,,,,
,inverse,electrical_conductivity,inverse_of_electrical_conductivity,inverse_of_electrical_conductivity,,,"electrical_resistivity, specific_conductance",,,,,,,,,,,,
,inverse,flattening_ratio,inverse_of_flattening_ratio,inverse_of_flattening_ratio,,,,,,,,,,,,,,,
,inverse,linear_velocity,inverse_of_linear_velocity,inverse_of_velocity,,,,,,,,,,,,,,,
,laplacian,elevation,laplacian_of_elevation,laplacian_of_elevation,,,,,,,,,,,,,,,
,log10,dynamic_viscosity,log10_of_dynamic_viscosity,log10_of_dynamic_viscosity,,,,,,,,,,,,,,,
,log10,electrical_conductivity,log10_of_electrical_conductivity,log10_of_electrical_conductivity,,,,,,,,,,,,,,,
,loss,energy,loss_of_energy,loss_of_energy,,,,,,,,,,,,,,,
,lower_limit,detection_number_count,lower_limit_of_detection_number_count,lower_limit_of_detection_count,,,,,,,,,,,,,,,
,lower_limit,hearing_frequency,lower_limit_of_hearing_frequency,lower_limit_of_hearing_frequency,,,,,,,,,,,,,,,
,lower_limit,volume_fraction,lower_limit_of_volume_fraction,lower_limit_of_volume_fraction,,,,,,,,,,,,,,,
,magnitude,bolus_velocity,magnitude_of_bolus_velocity,magnitude_of_bolus_velocity,,,,,,,,,,,,,,,
,magnitude,bolus_vorticity,magnitude_of_bolus_vorticity,magnitude_of_bolus_vorticity,,,,,,,,,,,,,,,
,magnitude,drag_force,magnitude_of_drag_force,magnitude_of_drag_force,,,,,,,,,,,,,,,
,magnitude_of_gradient,absolute_salinity,magnitude_of_gradient_of_absolute_salinity,magnitude_of_gradient_of_absolute_salinity,,,,,,,,,,,,,,,
,magnitude_of_gradient,potential_vorticity,magnitude_of_gradient_of_potential_vorticity,magnitude_of_gradient_of_potential_vorticity,,,,,,,,,,,,,,,
,magnitude_of_gradient,pressure,magnitude_of_gradient_of_pressure,magnitude_of_gradient_of_pressure,,,,,,,,,,,,,,,
,magnitude_of_gradient,static_pressure,magnitude_of_gradient_of_static_pressure,magnitude_of_gradient_of_static_pressure,,,,,,,,,,,,,,,
,magnitude_of_gradient,temperature,magnitude_of_gradient_of_temperature,magnitude_of_gradient_of_temperature,,,,,,,,,,,,,,,
,magnitude,lift_force,magnitude_of_lift_force,magnitude_of_lift_force,,,,,,,,,,,,,,,
,magnitude,linear_momentum,magnitude_of_linear_momentum,magnitude_of_momentum,,,,,,,,,,,,,,,
,magnitude,linear_velocity,magnitude_of_linear_velocity,magnitude_of_velocity,,,,,,,,,,,,,,,
,magnitude,seismic_moment,magnitude_of_seismic_moment,magnitude_of_seismic_moment,,,,,,,,,,,,,,,
,magnitude,shear_stress,magnitude_of_shear_stress,magnitude_of_shear_stress,,,,,,,,,,,,,,,
,magnitude,shear_velocity,magnitude_of_shear_velocity,magnitude_of_shear_velocity,,,,,,,,,,,,,,,
,magnitude,stokes_drift_velocity,magnitude_of_stokes_drift_velocity,magnitude_of_stokes_drift_velocity,,,,,,,,,,,,,,,
,magnitude,stress,magnitude_of_stress,magnitude_of_stress,,,,,,,,,,,,,,,
,magnitude,vorticity,magnitude_of_vorticity,magnitude_of_vorticity,,,,,,,,,,,,,,,
,magnitude_of_z_integral,linear_velocity,magnitude_of_z_integral_of_linear_velocity,magnitude_of_z_integral_of_velocity,,,,,,,,,,,,,,,
,max,altitude,max_of_altitude,max_of_altitude,,,,,,,,,,,,,,,
,max,depth,max_of_depth,max_of_depth,,,,,,,,,,,,,,,
,max,duration,max_of_duration,max_of_duration,,,,,,,,,,,,,,,
,max,elevation,max_of_elevation,max_of_elevation,,,,,,,,,,,,,,,
,max,linear_speed,max_of_linear_speed,max_of_speed,,,,,,,,,,,,,,,
,max,orbital_speed,max_of_orbital_speed,max_of_orbital_speed,,,,,,,,,,,,,,,
,max,output_power,max_of_output_power,max_of_output_power,,,,,,,,,,,,,,,
,max,saturation_ratio,max_of_relative_saturation,max_of_relative_saturation,,,,,,,,,,,,,,,
,max,temperature,max_of_temperature,max_of_temperature,,,,,,,,,,,,,,,
,max,saturation_ratio,max_of_saturation_ratio,max_of_saturation_ratio,,,,,,,,,,,,,,,
,mean,depth,mean_of_depth,mean_of_depth,,,,,,,,,,,,,,,
,mean,diameter,mean_of_diameter,mean_of_diameter,,,,,,,,,,,,,,,
,mean,elevation,mean_of_elevation,mean_of_elevation,,,,,,,,,,,,,,,
,mean,height,mean_of_height,mean_of_height,,,,,,,,,,,,,,,
,mean,length,mean_of_length,mean_of_length,,,,,,,,,,,,,,,
,mean,orbital_speed,mean_of_orbital_speed,mean_of_orbital_speed,,,,,,,,,,,,,,,
,mean,slope,mean_of_slope,mean_of_slope,,,,,,,,,,,,,,,
,mean,temperature,mean_of_temperature,mean_of_temperature,,,,,,,,,,,,,,,
,mid-range,elevation,mid-range_of_elevation,mid-range_of_elevation,,,,,,,,,,,,,,,
,min,distance,min_of_distance,min_of_distance,,,,,,,,,,,,,,,
,min,elevation,min_of_elevation,min_of_elevation,,,,,,,,,,,,,,,
,min,linear_speed,min_of_linear_speed,min_of_speed,,,,,,,,,,,,,,,
,min,orbital_speed,min_of_orbital_speed,min_of_orbital_speed,,,,,,,,,,,,,,,
,min,saturation_ratio,min_of_saturation_ratio,min_of_relative_saturation,,,,,,,,,,,,,,,
,min,temperature,min_of_temperature,min_of_temperature,,,,,,,,,,,,,,,
,one-month_time_integral,precipitation_leq_volume_flux,one-month_time_integral_of_precipitation_leq_volume_flux,one-month_time_integral_of_precipitation_leq_volume_flux,,,,,,,,,,,,,,,
,month-specific_anomaly,volume_fraction,month-specific_anomaly_of_volume_fraction,month-specific_anomaly_of_volume_fraction,,,,,,,,,,,,,,,
,month-specific_anomaly,temperature,month-specific_anomaly_of_temperature,month-specific_anomaly_of_temperature,,,,,,,,,,,,,,,
,normal_component,stress,normal_component_of_stress,normal_component_of_stress,,,,,,,,,,,,,,,
,north_component,bolus_velocity,north_component_of_bolus_velocity,north_component_of_bolus_velocity,,,,,,,,,,,,,,,
,north_component,electric-d-field,north_component_of_electric-d-field,north_component_of_electric-d-field,,,,,,,,,,,,,,,
,north_component,electric-e-field,north_component_of_electric-e-field,north_component_of_electric-e-field,,,,,,,,,,,,,,,
,north_component,electric-p-field,north_component_of_electric-p-field,north_component_of_electric-p-field,,,,,,,,,,,,,,,
,north_component,linear_momentum,north_component_of_linear_momentum,north_component_of_momentum,,,,,,,,,,,,,,,
,north_component,linear_velocity,north_component_of_linear_velocity,north_component_of_velocity,,,,,,,,,,,,,,,
,north_component,magnetic-b-field,north_component_of_magnetic-b-field,north_component_of_magnetic-b-field,,,,,,,,,,,,,,,
,north_component,magnetic-h-field,north_component_of_magnetic-h-field,north_component_of_magnetic-h-field,,,,,,,,,,,,,,,
,north_component,magnetic-m-field,north_component_of_magnetic-m-field,north_component_of_magnetic-m-field,,,,,,,,,,,,,,,
,north_component,seismic_slip,north_component_of_seismic_slip,north_component_of_seismic_slip,,,,,,,,,,,,,,,
,north_component,vorticity,north_component_of_vorticity,north_component_of_vorticity,,,,,,,,,,,,,,,
,north_component_of_z_integral,linear_velocity,north_component_of_z_integral_of_linear_velocity,north_component_of_z_integral_of_velocity,,,,,,,,,,,,,,,
,north_derivative,absolute_salinity,north_derivative_of_absolute_salinity,north_derivative_of_absolute_salinity,,,,,,,,,,,,,,,
,north_derivative,depth,north_derivative_of_depth,north_derivative_of_depth,,,,,,,,,,,,,,,
,north_derivative_of_east_component_of_z_integral,linear_velocity,north_derivative_of_east_component_of_z_integral_of_linear_velocity,north_derivative_of_east_component_of_z_integral_of_velocity,,,,,,,,,,,,,,,
,north_derivative_of_north_component_of_z_integral,linear_velocity,north_derivative_of_north_component_of_z_integral_of_linear_velocity,north_derivative_of_north_component_of_z_integral_of_velocity,,,,,,,,,,,,,,,
,north_derivative,potential_vorticity,north_derivative_of_potential_vorticity,north_derivative_of_potential_vorticity,,,,,,,,,,,,,,,
,north_derivative,pressure,north_derivative_of_pressure,north_derivative_of_pressure,,,,,,,,,,,,,,,
,north_derivative,pressure_head,north_derivative_of_pressure_head,north_derivative_of_pressure_head,,,,,,,,,,,,,,,
,north_derivative,static_pressure,north_derivative_of_static_pressure,north_derivative_of_static_pressure,,,,,,,,,,,,,,,
,north_derivative,temperature,north_derivative_of_temperature,north_derivative_of_temperature,,,,,,,,,,,,,,,
,north_down_component,stress,north_down_component_of_stress,north_down_component_of_stress,,,,,,,,,,,,,,,
,north_north_component,reynolds_stress,north_north_component_of_reynolds_stress,north_north_component_of_reynolds_stress,,,,,,,,,,,,,,,
,north_north_component,stress,north_north_component_of_stress,north_north_component_of_stress,,,,,,,,,,,,,,,
,north_north_component,viscous_stress,north_north_component_of_viscous_stress,north_north_component_of_viscous_stress,,,,,,,,,,,,,,,
,north_up_component,reynolds_stress,north_up_component_of_reynolds_stress,north_up_component_of_reynolds_stress,,,,,,,,,,,,,,,
,north_up_component,stress,north_up_component_of_stress,north_up_component_of_stress,,,,,,,,,,,,,,,
,north_up_component,viscous_stress,north_up_component_of_viscous_stress,north_up_component_of_viscous_stress,,,,,,,,,,,,,,,
,peak_time,altitude,peak_time_of_altitude,peak_time_of_altitude,,,,,,,,,,,,,,,
,peak_time,depth,peak_time_of_depth,peak_time_of_depth,,,,,,,,,,,,,,,
,peak_time,volume_flow_rate,peak_time_of_volume_flow_rate,peak_time_of_volume_flow_rate,,,,,,,,,,,,,,,
,peak_time,volume_flux,peak_time_of_volume_flux,peak_time_of_volume_flux,,,,,,,,,,,,,,,
,one-year_change,mass,one-year_change_of_mass,one-year_change_of_mass,,,,,,,,,,,,,,,
ratio,,,power-to-weight_ratio,power-to-weight_ratio,power,weight,,,,,,,,,,,,,
product,,,product_of_depth_and_slope,depth-times-slope,depth,slope,,,,,,,,,,,,,
product,,,product_of_angular_frequency_and_time,angular-frequency-times-time,angular_frequency,time,,,,,,,,,,,,,
,range,depth,range_of_depth,range_of_depth,,,,,,,,,,,,,,,
,range,diurnal_temperature,range_of_diurnal_temperature,range_of_diurnal_temperature,,,,,,,,,,,,,,,
,range,elevation,range_of_elevation,range_of_elevation,,,,,,,,,,,,,,,
,range,linear_speed,range_of_linear_speed,range_of_speed,,,,,,,,,,,,,,,
reduction,,,reduction_of_transmittance,reduction_of_transmittance,transmittance,transmittance,,,,,,,,,,,,,
reduction,,,reduction_of_elevation,reduction_of_elevation,elevation,elevation,,,,,,,,,,,,,
,second_invariant,deviatoric_plastic_strain,second_invariant_of_deviatoric_plastic_strain,second_invariant_of_deviatoric_plastic_strain,,,,,,,,,,,,,,,
,second_invariant,deviatoric_strain_rate,second_invariant_of_deviatoric_strain_rate,second_invariant_of_deviatoric_strain_rate,,,,,,,,,,,,,,,
,second_invariant,deviatoric_stress,second_invariant_of_deviatoric_stress,second_invariant_of_deviatoric_stress,,,,,,,,,,,,,,,
,south_component,linear_velocity,south_component_of_linear_velocity,south_component_of_velocity,,,,,,,,,,,,,,,
,south_component,vorticity,south_component_of_vorticity,south_component_of_vorticity,,,,,,,,,,,,,,,
,south_east_component,seismic_moment,south_east_component_of_seismic_moment,south_east_component_of_seismic_moment,,,,,,,,,,,,,,,
,south_south_component,seismic_moment,south_south_component_of_seismic_moment,south_south_component_of_seismic_moment,,,,,,,,,,,,,,,
summation,,,sum_of_kinetic_energy_and_potential_energy,sum_of_kinetic_energy_and_potential_energy,kinetic_energy,potential_energy,,,,,,,,,,,,,
,temperature_derivative,isothermal_compressibility,temperature_derivative_of_isothermal_compressibility,temperature_derivative_of_isothermal_compressibility,,,,,,,,,,,,,,,
,time_average,mass_volatilization_rate,time_average_of_mass_volatilization_rate,time_average_of_mass_volatilization_rate,,,,,,,,,,,,,,,
,time_average,mass_leaching_rate,time_average_of_mass_leaching_rate,time_average_of_mass_leaching_rate,,,,,,,,,,,,,,,
,time_average_of_square,absolute_salinity,time_average_of_square_of_absolute_salinity,time_average_of_square_of_absolute_salinity,,,,,,,,,,,,,,,
,time_average_of_square,potential_temperature,time_average_of_square_of_potential_temperature,time_average_of_square_of_potential_temperature,,,,,,,,,,,,,,,
,time_average_of_z_integral_of_square_of_x_component,linear_momentum,time_average_of_z_integral_of_square_of_x_component_of_linear_momentum,time_average_of_z_integral_of_square_of_x_component_of_momentum,,,,,,,,,,,,,,,
,time_average_of_z_integral_of_square_of_y_component,linear_momentum,time_average_of_z_integral_of_square_of_y_component_of_linear_momentum,time_average_of_z_integral_of_square_of_y_component_of_momentum,,,,,,,,,,,,,,,
,time_derivative,area_fraction,time_derivative_of_area_fraction,time_derivative_of_area_fraction,,,,,,,,,,,,,,,
,time_derivative,depth,time_derivative_of_depth,time_derivative_of_depth,,,,,,,,,,,,,,,
,time_derivative_of_down_component,linear_velocity,time_derivative_of_down_component_of_linear_velocity,time_derivative_of_down_component_of_velocity,,,,,,,,,,,,,,,
,time_derivative_of_east_component,linear_velocity,time_derivative_of_east_component_of_linear_velocity,time_derivative_of_east_component_of_velocity,,,,,,,,,,,,,,,
,time_derivative_of_east_component_of_z_integral,linear_velocity,time_derivative_of_east_component_of_z_integral_of_linear_velocity,time_derivative_of_east_component_of_z_integral_of_velocity,,,,,,,,,,,,,,,
,time_derivative,elevation,time_derivative_of_elevation,time_derivative_of_elevation,,,,,,,,,,,,,,,
,time_derivative,extent,time_derivative_of_extent,time_derivative_of_extent,,,,,,,,,,,,,,,
,time_derivative,hydraulic_conductivity,time_derivative_of_hydraulic_conductivity,time_derivative_of_hydraulic_conductivity,,,,,,,,,,,,,,,
,time_derivative,mass,time_derivative_of_mass,time_derivative_of_mass,,,,,,,,,,,,,,,
,time_derivative,mean_depth,time_derivative_of_mean_depth,time_derivative_of_mean_depth,,,,,,,,,,,,,,,
,time_derivative_of_north_component,linear_velocity,time_derivative_of_north_component_of_linear_velocity,time_derivative_of_north_component_of_velocity,,,,,,,,,,,,,,,
,time_derivative_of_north_component_of_z_integral,linear_velocity,time_derivative_of_north_component_of_z_integral_of_linear_velocity,time_derivative_of_north_component_of_z_integral_of_velocity,,,,,,,,,,,,,,,
,time_derivative,potential_vorticity,time_derivative_of_potential_vorticity,time_derivative_of_potential_vorticity,,,,,,,,,,,,,,,
,time_derivative,pressure,time_derivative_of_pressure,time_derivative_of_pressure,,,,,,,,,,,,,,,
,time_derivative,pressure_head,time_derivative_of_pressure_head,time_derivative_of_pressure_head,,,,,,,,,,,,,,,
,time_derivative,slope,time_derivative_of_slope,time_derivative_of_slope,,,,,,,,,,,,,,,
,time_derivative,temperature,time_derivative_of_temperature,time_derivative_of_temperature,,,,,,,,,,,,,,,
,time_derivative,thickness,time_derivative_of_thickness,time_derivative_of_thickness,,,,,,,,,,,,,,,
,time_derivative,volume,time_derivative_of_volume,time_derivative_of_volume,,,,,,,,,,,,,,,
,time_derivative_of_x_component,linear_velocity,time_derivative_of_x_component_of_linear_velocity,time_derivative_of_x_component_of_velocity,,,,,,,,,,,,,,,
,time_derivative_of_x_component_of_z_integral,linear_velocity,time_derivative_of_x_component_of_z_integral_of_linear_velocity,time_derivative_of_x_component_of_z_integral_of_velocity,,,,,,,,,,,,,,,
,time_derivative_of_y_component,linear_velocity,time_derivative_of_y_component_of_linear_velocity,time_derivative_of_y_component_of_velocity,,,,,,,,,,,,,,,
,time_derivative_of_y_component_of_z_integral,linear_velocity,time_derivative_of_y_component_of_z_integral_of_linear_velocity,time_derivative_of_y_component_of_z_integral_of_velocity,,,,,,,,,,,,,,,
,time_derivative_of_z_component,linear_velocity,time_derivative_of_z_component_of_linear_velocity,time_derivative_of_z_component_of_velocity,,,,,,,,,,,,,,,
,time_integral,accumulation_volume_flux,time_integral_of_accumulation_volume_flux,time_integral_of_accumulation_volume_flux,,,,,,,,,,,,,,,
,time_integral,accumulation_mass_flux,time_integral_of_accumulation_mass_flux,time_integral_of_accumulation_mass_flux,,,,,,,,,,,,,,,
,time_integral,infiltration_volume_flux,time_integral_of_infiltration_volume_flux,time_integral_of_infiltration_volume_flux,,,,,,,,,,,,,,,
,time_integral,recharge_volume_flux,time_integral_of_recharge_volume_flux,time_integral_of_recharge_volume_flux,,,,,,,,,,,,,,,
,time_integral,volume_flow_rate,time_integral_of_volume_flow_rate,time_integral_of_volume_flow_rate,,,,,,,,,,,,,,,
,time_integral,precipitation_leq_volume_flux,time_integral_of_precipitation_leq_volume_flux,time_integral_of_precipitation_leq_volume_flux,,,,,,,,,,,,,,,
,time_integral,evaporation_volume_flux,time_integral_of_evaporation_volume_flux,time_integral_of_evaporation_volume_flux,,,,,,,,,,,,,,,
,time_integral,transpiration_volume_flux,time_integral_of_transpiration_volume_flux,time_integral_of_transpiration_volume_flux,,,,,,,,,,,,,,,
,time_integral,decomposition_respiration_mass_flux,time_integral_of_decomposition_respiration_mass_flux,time_integral_of_decomposition_respiration_mass_flux,,,,,,,,,,,,,,,
,time_integral,runoff_mass_flux,time_integral_of_runoff_mass_flux,time_integral_of_runoff_mass_flux,,,,,,,,,,,,,,,
,time_integral,melt_mass_flux,time_integral_of_melt_mass_flux,time_integral_of_melt_mass_flux,,,,,,,,,,,,,,,
,time_integral,mass-per-area_production_rate,time_integral_of_mass-per-area_production_rate,time_integral_of_mass-per-area_production_rate,,,,,,,,,,,,,,,
,time_integral,drainage_leaching_mass_flux,time_integral_of_drainage_leaching_mass_flux,time_integral_of_drainage_leaching_mass_flux,,,,,,,,,,,,,,,
,cumulative_time_integral_of_cosine,product_of_angular_frequency_and_time,cumulative_time_integral_of_cosine_of_product_of_angular_frequency_and_time,cumulative_time_integral_of_cos_of_angular-frequency-times-time,,,,,,,,,,,,,,,
,time_max,elevation,time_max_of_elevation,time_max_of_elevation,,,,,,,,,,,,,,,
,time_max,energy_flux,time_max_of_energy_flux,time_max_of_energy_flux,,,,,,,,,,,,,,,
,time_max,heat_energy_flux,time_max_of_heat_energy_flux,time_max_of_heat_energy_flux,,,,,,,,,,,,,,,
,time_max,mean_depth,time_max_of_mean_depth,time_max_of_mean_depth,,,,,,,,,,,,,,,
,time_max,volume_flow_rate,time_max_of_volume_flow_rate,time_max_of_volume_flow_rate,,,,,,,,,,,,,,,
,time_max,volume_flux,time_max_of_volume_flux,time_max_of_volume_flux,,,,,,,,,,,,,,,
,time_mean,height,time_mean_of_height,time_mean_of_height,,,,,,,,,,,,,,,
,time_median,height,time_median_of_height,time_median_of_height,,,,,,,,,,,,,,,
,time_min,elevation,time_min_of_elevation,time_min_of_elevation,,,,,,,,,,,,,,,
,time_min,stomatal_resistance,time_min_of_stomatal_resistance,time_min_of_stomatal_resistance,,,,,,,,,,,,,,,
,time_min,volume_flow_rate,time_min_of_volume_flow_rate,time_min_of_volume_flow_rate,,,,,,,,,,,,,,,
,up_component,bolus_velocity,up_component_of_bolus_velocity,up_component_of_bolus_velocity,,,,,,,,,,,,,,,
,up_component,linear_momentum,up_component_of_linear_momentum,up_component_of_momentum,,,,,,,,,,,,,,,
,up_component,linear_velocity,up_component_of_linear_velocity,up_component_of_velocity,,,,,,,,,,,,,,,
,up_component,vorticity,up_component_of_vorticity,up_component_of_vorticity,,,,,,,,,,,,,,,
,up_derivative,pressure,up_derivative_of_pressure,up_derivative_of_pressure,,,,,,,,,,,,,,,
,up_south_component,seismic_moment,up_south_component_of_seismic_moment,up_south_component_of_seismic_moment,,,,,,,,,,,,,,,
,up_up_component,reynolds_stress,up_up_component_of_reynolds_stress,up_up_component_of_reynolds_stress,,,,,,,,,,,,,,,
,up_up_component,seismic_moment,up_up_component_of_seismic_moment,up_up_component_of_seismic_moment,,,,,,,,,,,,,,,
,up_up_component,stress,up_up_component_of_stress,up_up_component_of_stress,,,,,,,,,,,,,,,
,up_up_component,viscous_stress,up_up_component_of_viscous_stress,up_up_component_of_viscous_stress,,,,,,,,,,,,,,,
,upper_limit,volume_fraction,upper_limit_of_volume_fraction,upper_limit_of_volume_fraction,,,,,,,,,,,,,,,
,upper_limit,hearing_frequency,upper_limit_of_hearing_frequency,upper_limit_of_hearing_frequency,,,,,,,,,,,,,,,
,west_component,linear_velocity,west_component_of_linear_velocity,west_component_of_velocity,,,,,,,,,,,,,,,
,west_component,vorticity,west_component_of_vorticity,west_component_of_vorticity,,,,,,,,,,,,,,,
ratio,,,width-to-depth_ratio,width-to-depth_ratio,width,depth,,,,,,,,,,,,,
,x_component,acceleration,x_component_of_acceleration,x_component_of_acceleration,,,,,,,,,,,,,,,
,x_component,bolus_velocity,x_component_of_bolus_velocity,x_component_of_bolus_velocity,,,,,,,,,,,,,,,
,x_component,darcy_velocity,x_component_of_darcy_velocity,x_component_of_darcy_velocity,,,,,,,,,,,,,,,
,x_component,drift_velocity,x_component_of_drift_velocity,x_component_of_drift_velocity,,,,,,,,,,,,,,,
,x_component,linear_momentum,x_component_of_linear_momentum,x_component_of_momentum,,,,,,,,,,,,,,,
,x_component,linear_velocity,x_component_of_linear_velocity,x_component_of_velocity,,,,,,,,,,,,,,,
,x_component,shear_velocity,x_component_of_shear_velocity,x_component_of_shear_velocity,,,,,,,,,,,,,,,
,x_component,stokes_drift_velocity,x_component_of_stokes_drift_velocity,x_component_of_stokes_drift_velocity,,,,,,,,,,,,,,,
,x_component,vorticity,x_component_of_vorticity,x_component_of_vorticity,,,,,,,,,,,,,,,
,x_component_of_z_integral,linear_velocity,x_component_of_z_integral_of_linear_velocity,x_component_of_z_integral_of_velocity,,,,,,,,,,,,,,,
,x_derivative,absolute_salinity,x_derivative_of_absolute_salinity,x_derivative_of_absolute_salinity,,,,,,,,,,,,,,,
,x_derivative,depth,x_derivative_of_depth,x_derivative_of_depth,,,,,,,,,,,,,,,
,x_derivative,elevation,x_derivative_of_elevation,x_derivative_of_elevation,,,,,,,,,,,,,,,
,x_derivative,potential_vorticity,x_derivative_of_potential_vorticity,x_derivative_of_potential_vorticity,,,,,,,,,,,,,,,
,x_derivative,pressure,x_derivative_of_pressure,x_derivative_of_pressure,,,,,,,,,,,,,,,
,x_derivative,pressure_head,x_derivative_of_pressure_head,x_derivative_of_pressure_head,,,,,,,,,,,,,,,
,x_derivative,slope,x_derivative_of_slope,x_derivative_of_slope,,,,,,,,,,,,,,,
,x_derivative,static_pressure,x_derivative_of_static_pressure,x_derivative_of_static_pressure,,,,,,,,,,,,,,,
,x_derivative,temperature,x_derivative_of_temperature,x_derivative_of_temperature,,,,,,,,,,,,,,,
,x_derivative_of_x_component_of_z_integral,linear_velocity,x_derivative_of_x_component_of_z_integral_of_linear_velocity,x_derivative_of_x_component_of_z_integral_of_velocity,,,,,,,,,,,,,,,
,x_derivative_of_y_component_of_z_integral,linear_velocity,x_derivative_of_y_component_of_z_integral_of_linear_velocity,x_derivative_of_y_component_of_z_integral_of_velocity,,,,,,,,,,,,,,,
,x_x_component,radiation_stress,x_x_component_of_radiation_stress,x_x_component_of_radiation_stress,,,,,,,,,,,,,,,
,x_x_component,reynolds_stress,x_x_component_of_reynolds_stress,x_x_component_of_reynolds_stress,,,,,,,,,,,,,,,
,x_x_component,stress,x_x_component_of_stress,x_x_component_of_stress,,,,,,,,,,,,,,,
,x_x_component,viscous_stress,x_x_component_of_viscous_stress,x_x_component_of_viscous_stress,,,,,,,,,,,,,,,
,x_x_derivative,elevation,x_x_derivative_of_elevation,x_x_derivative_of_elevation,,,,,,,,,,,,,,,
,x_y_component,radiation_stress,x_y_component_of_radiation_stress,x_y_component_of_radiation_stress,,,,,,,,,,,,,,,
,x_y_component,reynolds_stress,x_y_component_of_reynolds_stress,x_y_component_of_reynolds_stress,,,,,,,,,,,,,,,
,x_y_component,stress,x_y_component_of_stress,x_y_component_of_stress,,,,,,,,,,,,,,,
,x_y_component,viscous_stress,x_y_component_of_viscous_stress,x_y_component_of_viscous_stress,,,,,,,,,,,,,,,
,x_y_derivative,elevation,x_y_derivative_of_elevation,x_y_derivative_of_elevation,,,,,,,,,,,,,,,
,x_z_component,dynamic_viscosity,x_z_component_of_dynamic_viscosity,x_z_component_of_dynamic_viscosity,,,,,,,,,,,,,,,
,x_z_component,reynolds_stress,x_z_component_of_reynolds_stress,x_z_component_of_reynolds_stress,,,,,,,,,,,,,,,
,x_z_component,shear_stress,x_z_component_of_shear_stress,x_z_component_of_shear_stress,,,,,,,,,,,,,,,
,x_z_component,stress,x_z_component_of_stress,x_z_component_of_stress,,,,,,,,,,,,,,,
,x_z_component,viscous_stress,x_z_component_of_viscous_stress,x_z_component_of_viscous_stress,,,,,,,,,,,,,,,
,y_component,acceleration,y_component_of_acceleration,y_component_of_acceleration,,,,,,,,,,,,,,,
,y_component,bolus_velocity,y_component_of_bolus_velocity,y_component_of_bolus_velocity,,,,,,,,,,,,,,,
,y_component,darcy_velocity,y_component_of_darcy_velocity,y_component_of_darcy_velocity,,,,,,,,,,,,,,,
,y_component,drift_velocity,y_component_of_drift_velocity,y_component_of_drift_velocity,,,,,,,,,,,,,,,
,y_component,linear_momentum,y_component_of_linear_momentum,y_component_of_momentum,,,,,,,,,,,,,,,
,y_component,linear_velocity,y_component_of_linear_velocity,y_component_of_velocity,,,,,,,,,,,,,,,
,y_component,shear_velocity,y_component_of_shear_velocity,y_component_of_shear_velocity,,,,,,,,,,,,,,,
,y_component,stokes_drift_velocity,y_component_of_stokes_drift_velocity,y_component_of_stokes_drift_velocity,,,,,,,,,,,,,,,
,y_component,vorticity,y_component_of_vorticity,y_component_of_vorticity,,,,,,,,,,,,,,,
,y_component_of_z_integral,linear_velocity,y_component_of_z_integral_of_linear_velocity,y_component_of_z_integral_of_velocity,,,,,,,,,,,,,,,
,y_derivative,absolute_salinity,y_derivative_of_absolute_salinity,y_derivative_of_absolute_salinity,,,,,,,,,,,,,,,
,y_derivative,depth,y_derivative_of_depth,y_derivative_of_depth,,,,,,,,,,,,,,,
,y_derivative,elevation,y_derivative_of_elevation,y_derivative_of_elevation,,,,,,,,,,,,,,,
,y_derivative,potential_vorticity,y_derivative_of_potential_vorticity,y_derivative_of_potential_vorticity,,,,,,,,,,,,,,,
,y_derivative,pressure,y_derivative_of_pressure,y_derivative_of_pressure,,,,,,,,,,,,,,,
,y_derivative,pressure_head,y_derivative_of_pressure_head,y_derivative_of_pressure_head,,,,,,,,,,,,,,,
,y_derivative,slope,y_derivative_of_slope,y_derivative_of_slope,,,,,,,,,,,,,,,
,y_derivative,static_pressure,y_derivative_of_static_pressure,y_derivative_of_static_pressure,,,,,,,,,,,,,,,
,y_derivative,temperature,y_derivative_of_temperature,y_derivative_of_temperature,,,,,,,,,,,,,,,
,y_derivative_of_x_component_of_z_integral,linear_velocity,y_derivative_of_x_component_of_z_integral_of_linear_velocity,y_derivative_of_x_component_of_z_integral_of_velocity,,,,,,,,,,,,,,,
,y_derivative_of_y_component_of_z_integral,linear_velocity,y_derivative_of_y_component_of_z_integral_of_linear_velocity,y_derivative_of_y_component_of_z_integral_of_velocity,,,,,,,,,,,,,,,
,y_y_component,radiation_stress,y_y_component_of_radiation_stress,y_y_component_of_radiation_stress,,,,,,,,,,,,,,,
,y_y_component,reynolds_stress,y_y_component_of_reynolds_stress,y_y_component_of_reynolds_stress,,,,,,,,,,,,,,,
,y_y_component,stress,y_y_component_of_stress,y_y_component_of_stress,,,,,,,,,,,,,,,
,y_y_component,viscous_stress,y_y_component_of_viscous_stress,y_y_component_of_viscous_stress,,,,,,,,,,,,,,,
,y_y_derivative,elevation,y_y_derivative_of_elevation,y_y_derivative_of_elevation,,,,,,,,,,,,,,,
,y_z_component,reynolds_stress,y_z_component_of_reynolds_stress,y_z_component_of_reynolds_stress,,,,,,,,,,,,,,,
,y_z_component,stress,y_z_component_of_stress,y_z_component_of_stress,,,,,,,,,,,,,,,
,y_z_component,viscous_stress,y_z_component_of_viscous_stress,y_z_component_of_viscous_stress,,,,,,,,,,,,,,,
,one-year_time_integral,precipitation_leq_volume_flux,one-year_time_integral_of_precipitation_leq_volume_flux,one-year_time_integral_of_precipitation_leq_volume_flux,,,,,,,,,,,,,,,
,one-year_time_integral,addition_mass_flux,one-year_time_integral_of_addition_mass_flux,one-year_time_integral_of_addition_mass_flux,,,,,,,,,,,,,,,
,one-year_time_integral,decomposition_mass_flux,one-year_time_integral_of_decomposition_mass_flux,one-year_time_integral_of_decomposition_mass_flux,,,,,,,,,,,,,,,
,one-year_average,temperature,one-year_average_of_temperature,one-year_average_of_temperature,,,,,,,,,,,,,,,
,one-year_change,mass,one-year_change_of_mass,one-year_change_of_mass,,,,,,,,,,,,,,,
,z_component,acceleration,z_component_of_acceleration,z_component_of_acceleration,,,,,,,,,,,,,,,
,z_component,bolus_velocity,z_component_of_bolus_velocity,z_component_of_bolus_velocity,,,,,,,,,,,,,,,
,z_component,darcy_velocity,z_component_of_darcy_velocity,z_component_of_darcy_velocity,,,,,,,,,,,,,,,
,z_component,linear_momentum,z_component_of_linear_momentum,z_component_of_momentum,,,,,,,,,,,,,,,
,z_component,linear_velocity,z_component_of_linear_velocity,z_component_of_velocity,,,,,,,,,,,,,,,
,z_component,stokes_drift_velocity,z_component_of_stokes_drift_velocity,z_component_of_stokes_drift_velocity,,,,,,,,,,,,,,,
,z_component,vorticity,z_component_of_vorticity,z_component_of_vorticity,,,,,,,,,,,,,,,
,z_derivative,absolute_salinity,z_derivative_of_absolute_salinity,z_derivative_of_absolute_salinity,,,,,,,,,,,,,,,
,z_derivative,potential_vorticity,z_derivative_of_potential_vorticity,z_derivative_of_potential_vorticity,,,,,,,,,,,,,,,
,z_derivative,pressure,z_derivative_of_pressure,z_derivative_of_pressure,,,,,,,,,,,,,,,
,z_derivative,static_pressure,z_derivative_of_static_pressure,z_derivative_of_static_pressure,,,,,,,,,,,,,,,
,z_derivative,temperature,z_derivative_of_temperature,z_derivative_of_temperature,,,,,,,,,,,,,,,
,z_integral_of_u_component,linear_momentum,z_integral_of_u_component_of_linear_momentum,z_integral_of_u_component_of_momentum,,,,,,,,,,,,,,,
,z_integral_of_v_component,linear_momentum,z_integral_of_v_component_of_linear_momentum,z_integral_of_v_component_of_momentum,,,,,,,,,,,,,,,
,z_integral_of_x_x_component,radiation_stress,z_integral_of_x_x_component_of_radiation_stress,z_integral_of_x_x_component_of_radiation_stress,,,,,,,,,,,,,,,
,z_integral_of_x_y_component,radiation_stress,z_integral_of_x_y_component_of_radiation_stress,z_integral_of_x_y_component_of_radiation_stress,,,,,,,,,,,,,,,
,z_integral_of_y_y_component,radiation_stress,z_integral_of_y_y_component_of_radiation_stress,z_integral_of_y_y_component_of_radiation_stress,,,,,,,,,,,,,,,
,z_mean,isobaric_mass-specific_heat_capacity,z_mean_of_isobaric_mass-specific_heat_capacity,z_mean_of_isobaric_mass-specific_heat_capacity,,,,,,,,,,,,,,,
,z_mean,mass-per-volume_density,z_mean_of_mass-per-volume_density,z_mean_of_mass-per-volume_density,,,,,,,,,,,,,,,
,z_x_component,radiation_stress,z_x_component_of_radiation_stress,z_x_component_of_radiation_stress,,,,,,,,,,,,,,,
,z_y_component,radiation_stress,z_y_component_of_radiation_stress,z_y_component_of_radiation_stress,,,,,,,,,,,,,,,
,z_z_component,reynolds_stress,z_z_component_of_reynolds_stress,z_z_component_of_reynolds_stress,,,,,,,,,,,,,,,
,z_z_component,stress,z_z_component_of_stress,z_z_component_of_stress,,,,,,,,,,,,,,,
,z_z_component,viscous_stress,z_z_component_of_viscous_stress,z_z_component_of_viscous_stress,,,,,,,,,,,,,,,
,first_dekad_time_integral,precipitation_leq_volume_flux,first_dekad_time_integral_of_precipitation_leq_volume_flux,first_dekad_time_integral_of_precipitation_leq_volume_flux,,,,,,,,,,,,,,,
,cumulative_anomaly_of_first_dekad_time_integral,precipitation_leq_volume_flux,cumulative_anomaly_of_first_dekad_time_integral_of_precipitation_leq_volume_flux,cumulative_anomaly_of_first_dekad_time_integral_of_precipitation_leq_volume_flux,,,,,,,,,,,,,,,
,cumulative_z-score_of_first_dekad_time_integral,precipitation_leq_volume_flux,cumulative_z-score_of_first_dekad_time_integral_of_precipitation_leq_volume_flux,cumulative_z-score_of_first_dekad_time_integral_of_precipitation_leq_volume_flux,,,,,,,,,,,,,,,
,second_dekad_time_integral,precipitation_leq_volume_flux,second_dekad_time_integral_of_precipitation_leq_volume_flux,second_dekad_time_integral_of_precipitation_leq_volume_flux,,,,,,,,,,,,,,,
,cumulative_anomaly_of_second_dekad_time_integral,precipitation_leq_volume_flux,cumulative_anomaly_of_second_dekad_time_integral_of_precipitation_leq_volume_flux,cumulative_anomaly_of_second_dekad_time_integral_of_precipitation_leq_volume_flux,,,,,,,,,,,,,,,
,cumulative_z-score_of_second_dekad_time_integral,precipitation_leq_volume_flux,cumulative_z-score_of_second_dekad_time_integral_of_precipitation_leq_volume_flux,cumulative_z-score_of_second_dekad_time_integral_of_precipitation_leq_volume_flux,,,,,,,,,,,,,,,
,third_dekad_time_integral,precipitation_leq_volume_flux,third_dekad_time_integral_of_precipitation_leq_volume_flux,third_dekad_time_integral_of_precipitation_leq_volume_flux,,,,,,,,,,,,,,,
,cumulative_anomaly_of_third_dekad_time_integral,precipitation_leq_volume_flux,cumulative_anomaly_of_third_dekad_time_integral_of_precipitation_leq_volume_flux,cumulative_anomaly_of_third_dekad_time_integral_of_precipitation_leq_volume_flux,,,,,,,,,,,,,,,
,cumulative_z-score_of_third_dekad_time_integral,precipitation_leq_volume_flux,cumulative_z-score_of_third_dekad_time_integral_of_precipitation_leq_volume_flux,cumulative_z-score_of_third_dekad_time_integral_of_precipitation_leq_volume_flux,,,,,,,,,,,,,,,
,one-month_time_integral,precipitation_leq_volume_flux,one-month_time_integral_of_precipitation_leq_volume_flux,one-month_time_integral_of_precipitation_leq_volume_flux,,,,,,,,,,,,,,,
,cumulative_anomaly_of_one-month_time_integral,precipitation_leq_volume_flux,cumulative_anomaly_of_one-month_time_integral_of_precipitation_leq_volume_flux,cumulative_anomaly_of_one-month_time_integral_of_precipitation_leq_volume_flux,,,,,,,,,,,,,,,
,cumulative_z-score_of_one-month_time_integral,precipitation_leq_volume_flux,cumulative_z-score_of_one-month_time_integral_of_precipitation_leq_volume_flux,cumulative_z-score_of_one-month_time_integral_of_precipitation_leq_volume_flux,,,,,,,,,,,,,,,
,forecast_of_five-day_time_integral,precipitation_leq_volume_flux,forecast_of_five-day_time_integral_of_precipitation_leq_volume_flux,forecast_of_five-day_time_integral_of_precipitation_leq_volume_flux,,,,,,,,,,,,,,,
,cumulative_anomaly_of_forecast_of_five-day_time_integral,precipitation_leq_volume_flux,cumulative_anomaly_of_forecast_of_five-day_time_integral_of_precipitation_leq_volume_flux,cumulative_anomaly_of_forecast_of_five-day_time_integral_of_precipitation_leq_volume_flux,,,,,,,,,,,,,,,
,cumulative_z-score_of_forecast_of_five-day_time_integral,precipitation_leq_volume_flux,cumulative_z-score_of_forecast_of_five-day_time_integral_of_precipitation_leq_volume_flux,cumulative_z-score_of_forecast_of_five-day_time_integral_of_precipitation_leq_volume_flux,,,,,,,,,,,,,,,
,forecast_of_ten-day_time_integral,precipitation_leq_volume_flux,forecast_of_ten-day_time_integral_of_precipitation_leq_volume_flux,forecast_of_ten-day_time_integral_of_precipitation_leq_volume_flux,,,,,,,,,,,,,,,
,cumulative_anomaly_of_forecast_of_ten-day_time_integral,precipitation_leq_volume_flux,cumulative_anomaly_of_forecast_of_ten-day_time_integral_of_precipitation_leq_volume_flux,cumulative_anomaly_of_forecast_of_ten-day_time_integral_of_precipitation_leq_volume_flux,,,,,,,,,,,,,,,
,cumulative_z-score_of_forecast_of_ten-day_time_integral,precipitation_leq_volume_flux,cumulative_z-score_of_forecast_of_ten-day_time_integral_of_precipitation_leq_volume_flux,cumulative_z-score_of_forecast_of_ten-day_time_integral_of_precipitation_leq_volume_flux,,,,,,,,,,,,,,,
,forecast_of_fifteen-day_time_integral,precipitation_leq_volume_flux,forecast_of_fifteen-day_time_integral_of_precipitation_leq_volume_flux,forecast_of_fifteen-day_time_integral_of_precipitation_leq_volume_flux,,,,,,,,,,,,,,,
,cumulative_anomaly_of_forecast_of_fifteen-day_time_integral,precipitation_leq_volume_flux,cumulative_anomaly_of_forecast_of_fifteen-day_time_integral_of_precipitation_leq_volume_flux,cumulative_anomaly_of_forecast_of_fifteen-day_time_integral_of_precipitation_leq_volume_flux,,,,,,,,,,,,,,,
,cumulative_z-score_of_forecast_of_fifteen-day_time_integral,precipitation_leq_volume_flux,cumulative_z-score_of_forecast_of_fifteen-day_time_integral_of_precipitation_leq_volume_flux,cumulative_z-score_of_forecast_of_fifteen-day_time_integral_of_precipitation_leq_volume_flux,,,,,,,,,,,,,,,
,first_dekad_one-day_mean,temperature,first_dekad_one-day_mean_of_temperature,first_dekad_one-day_mean_of_temperature,,,,,,,,,,,,,,,
,second_dekad_one-day_mean,temperature,second_dekad_one-day_mean_of_temperature,second_dekad_one-day_mean_of_temperature,,,,,,,,,,,,,,,
,third_dekad_one-day_mean,temperature,third_dekad_one-day_mean_of_temperature,third_dekad_one-day_mean_of_temperature,,,,,,,,,,,,,,,
,one-month_one-day_mean,temperature,one-month_one-day_mean_of_temperature,one-month_one-day_mean_of_temperature,,,,,,,,,,,,,,,
,month-specific_anomaly_of_first_dekad_one-day_mean,temperature,month-specific_anomaly_of_first_dekad_one-day_mean_of_temperature,month-specific_anomaly_of_first_dekad_one-day_mean_of_temperature,,,,,,,,,,,,,,,
,month-specific_anomaly_of_second_dekad_one-day_mean,temperature,month-specific_anomaly_of_second_dekad_one-day_mean_of_temperature,month-specific_anomaly_of_second_dekad_one-day_mean_of_temperature,,,,,,,,,,,,,,,
,month-specific_anomaly_of_third_dekad_one-day_mean,temperature,month-specific_anomaly_of_third_dekad_one-day_mean_of_temperature,month-specific_anomaly_of_third_dekad_one-day_mean_of_temperature,,,,,,,,,,,,,,,
,month-specific_anomaly_of_one-month_one-day_mean,temperature,month-specific_anomaly_of_one-month_one-day_mean_of_temperature,month-specific_anomaly_of_one-month_one-day_mean_of_temperature,,,,,,,,,,,,,,,
,month-specific_z-score_of_first_dekad_one-day_mean,temperature,month-specific_z-score_of_first_dekad_one-day_mean_of_temperature,month-specific_z-score_of_first_dekad_one-day_mean_of_temperature,,,,,,,,,,,,,,,
,month-specific_z-score_of_second_dekad_one-day_mean,temperature,month-specific_z-score_of_second_dekad_one-day_mean_of_temperature,month-specific_z-score_of_second_dekad_one-day_mean_of_temperature,,,,,,,,,,,,,,,
,month-specific_z-score_of_third_dekad_one-day_mean,temperature,month-specific_z-score_of_third_dekad_one-day_mean_of_temperature,month-specific_z-score_of_third_dekad_one-day_mean_of_temperature,,,,,,,,,,,,,,,
,month-specific_z-score_of_one-month_one-day_mean,temperature,month-specific_z-score_of_one-month_one-day_mean_of_temperature,month-specific_z-score_of_one-month_one-day_mean_of_temperature,,,,,,,,,,,,,,,